Dataset,Accuracy,Precision,Recall,F1-Score,ROC-AUC
Training,1.0,1.0,1.0,1.0,1.0
Test,0.8050847457627118,0.5740740740740741,1.0,0.7294117647058823,0.9862810530218762
