,count,accuracy,precision,recall,f1,avg_threshold
Low (0-85),12.0,0.6666666666666666,0.2,1.0,0.3333333333333333,67.83333333333333
Medium (85-170),89.0,0.8202247191011236,0.627906976744186,1.0,0.7714285714285715,129.7865168539326
High (170-255),17.0,0.8235294117647058,0.5,1.0,0.6666666666666666,189.58823529411765
